Serial,Address
K1153,"4451  Clayton rd., Concord, CA, 94521"
K2133,"223 N. Main St., Laurie, MO, 65038"
K3135,"300 Rt. 17 North, East Rutherford, NJ, 07073"
K1055,"344 Reidville Dr., Waterbury, CT, 06705"
K1164,"4201 Wholesale Club Dr., Baltimore, MD, 21236"
K1510,"396 Luis Munoz Marin Blvd., Jersey City, NJ, 07302"
K2059,"1001 East Edgar Rd, Linden, NJ, 07036"
K1071,"1601 US 22, Watchung, NJ, 07069"
K7052,"137-05 20th Avenue, College Point, NY, 11356"
K1480,"105 Long Dr., Woodstock, GA, 30189"
K1306,"339 Gateway Dr., Brooklyn, NY, 11239"
K1041,"610 Exterior St., Bronx, NY, 10451"
K1369,"5820 E. Virginia Beach Blvd., Norfolk, VA, 23502"
K1648,"2000 Power Plant Pkwy., Hampton, VA, 23666"
K1014,"2100 88th St., North Bergen, NJ, 07047"
K1062,"8719 Avenue D., Brooklyn, NY, 11236"
K1081,"131-07 40th Road, Suite A100, Flushing, NY, 11354"
K1119,"3585 N. Commerce, Eastpoint, GA, 30344"
K5317,"700 Lawrence Ave. W., Toronto, ON, M6A 3B4"
K5320,"2900 Major Mackenzie Dr. E., Markham, ON, L6C 0G6"
K508,"2129 St. Claire Ave. West, Toronto, ON, M6N 5B4"
K502,"99 McEwan Dr., Bolton, ON, L7E 2Z7"
K6121,"2681 Danforth Avenue, Toronto, ON, M4C1L4"
K5100,"1735 Pickering Pkwy, Pickering, ON, L1V 7C7"
K6057,"2510 Hyde Park Gate, Oakville, ON, L6H 6M2"
K5321,"111 Rylander Blvd., Scarborough, ON, M1B4X3"
K1049,"1299 W. Artesia Blvd., Gardena, CA, 90248"
K3121,"1800 Folsom St, San Francisco, CA, 94103"
K1065,"10901 Imperial Hwy., Norwalk, CA, 90650"
K1066,"2185 E. South St., Long Beach, CA, 90805"
K1146,"914 W. Orangethorpe Ave., Fullerton, CA, 92832"
K2229,"10790 MacArthur, Oakland, CA, 94605"
K2139,"3039 S. Cicero Ave., Cicero, IL, 60804"
K2130,"2501 W. North Ave., Melrose Park, IL, 60160"
K6187,"4821 W. North Ave., Chicago, IL, 60639"
K2140,"112 W. 87th St., Chicago, IL, 60620"
K2026,"18325 Aurora Ave. North, Shoreline, WA, 98133"
K2239,"14300 First Ave. S, Burien, WA, 98168"
K1813,"11425 SW Beaverton-Hillsdale, Portland (Beaverton), OR, 97005"
K1434,"14700 SE Division St., Portland, OR, 97236"
K1086,"33702 21st Ave SW, Federal Way, WA, 98023"
K1664,"6615 NE Glisan St., Portland, OR, 97213"
K1048,"2497 SE Burnside Rd., Gresham, OR, 97080"
K1045,"1111 NE 102nd, Portland, OR, 97220"
K1471,"3805 SE Hawthorne Blvd, Portland (Hawthorne), OR, 97214"
K2085,"5050 State Highway 303 NE, Bremerton, WA, 98311"
K1131,"13000 Lake City Way NE, Seattle, WA, 98125"
K1115,"4615 196th St SW, Lynnwood, WA, 98036"
K2014,"11325 SW Mill Plain Blvd, Vancouver, WA, 98684"
K1032,"5253 S.E. 82nd Ave, Portland, OR, 97266"
K1481,"100 NW 20th Place, Portland (Stadium), OR, 97209"
K1053,"12221 120th Ave. NE, Kirkland, WA, 98034"
K2240,"17404 Meridian East, Puyallup, WA, 98373"
K2099,"365 Renton Center Way SW, Renton, WA, 98057"
K1057,"3030 NE Weidler St, Portland, OR, 97232"
K2234,"915 NW 45th St., Seattle, WA, 98107"
K2166,"6305 Bridgport Way West, University Place, WA, 98467"
K1401,"400 South Thor St., Spokane, WA, 99202"
K1103,"6100 East Lake Sammamish prkwy SE, Issaquah, WA, 98027"
K1056,"22855 NE Park LN, Wood Village, OR, 97060"
K1121,"2902 164th St S.W., Lynnwood, WA, 98037"
K5502,"2311 North Hollywood Way, Burbank, CA, 91505"
K1109,"1077 E. Arques Ave., Sunnyvale, CA, 94085"
K1111,"9825 Stonecrest, San Diego, CA, 92123"
K1291,"6204 Route 30, Greensburg, PA, 15601"
K1626,"4010 Monroeville Blvd., Monroeville, PA, 15146"
K1958,"2801 East Waterloo Rd., Akron, OH, 44312"
K1603,"1700 Norton Rd., Stow, OH, 44224"
K1614,"6493 Strip Ave. N.W., North Canton, OH, 44720"
K1357,"7200 Peach St., Erie, PA, 16509"
K1036,"420 East Waterfront Dr., Homestead, PA, 15120"
K1037,"1700 New Butler Rd., New Castle, PA, 16101"
K1040,"4747 Sawmill Rd., Columbus, OH, 43220"
K1348,"1760 Hilliard-Rome Rd., Hilliard, OH, 43026"
K1134,"6700 Perimeter Loop Rd., Dublin, OH, 43017"
K1728,"11505 N Illinois St., Carmel, IN, 46032"
K1448,"24224 N. W. Freeway, Cypress, TX, 77429"
K1044,"2955 South Gulf Freeway, League City, TX, 77573"
K1671,"6818 South Zarzamora, San Antonio, TX, 78224"
K3145,"20935 US Highway 281, San Antonio, TX, 78258"
K1422,"3002 S 31st St., Temple, TX, 76502"
K1060,"1434 W. Wells Branch Pkwy., Austin, TX, 78660"
K1673,"5601 Bandura Rd., San Antonio, TX, 78238"
K1042,"12777 IH 10 W, San Antonio, TX, 78230"
K1566,"1000 E. 41st St., Austin, TX, 78751"
K1091,"735 S.W. Military, San Antonio, TX, 78221"
K1573,"1505 East Rio Grande, Victoria, TX, 77901"
K1328,"2511 Trimmier Rd. Ste 100, Killeen, TX, 76542"
K1487,"2314 South Zapata Hwy, Laredo, TX, 78043"
K1542,"1700 E Palm Valley Blvd., Round Rock, TX, 78664"
K1043,"9238 Loop 1604 W., San Antonio, TX, 78249"
K1127,"14028 Lakeline Blvd., Austin, TX, 78717"
K1555,"5895 San Felipe St., Houston, TX, 77057"
K5050,"2755 E. League City Pkwy., League City, TX, 77573"
K3133,"3300 Cobb Parkway SE, Atlanta, GA, 30339"
K3129,"2301 College Station Rd., Athens, GA, 30605"
K3130,"2685 Metropolitan Ave, Atlanta, GA, 30315"
K3132,"3030 Headland Dr. S.W., Atlanta, GA, 30311"
K2137,"7000 Tim Price Way, North Chesterfield, VA, 23225"
K2136,"3901 Holland Rd., Virginia Beach, VA, 23452"
